name,email,profession,birthday,sentence
Abbie Ballard,vukilez@ijouzuc.ro,Fitness Consultant,Sat Jul 10 1999 23:22:21 GMT+0900 (대한민국 표준시),Eb guksuc fojkini nero voewa ariim apkoh lifzedhuv feb rocumaefi an sar viske na wuriweb magicu iro gufef.
Isabel Russell,mupafa@ojikejfol.gp,International Acct.,Wed Aug 01 1962 12:37:17 GMT+0900 (대한민국 표준시),Wuwfestal dozwovi eniki talteg niagsu opjusuma bez ju nongi zodawi bazil bezaf ke disokik kojakmo ojligco jojliam.
Marcus Ellis,gadarasu@obuhip.to,Editor,Sun Feb 04 1990 05:24:49 GMT+0900 (대한민국 표준시),Gol zapon legun obcevhop so zoltoew vetef zowo wa benvup mupfig naj sawewfo ikewuguw.
Antonio Ross,buh@ajaagavij.rs,Chief Executive Officer,Fri May 06 1977 12:07:54 GMT+0900 (대한민국 표준시),Uhuputuf el vopmu dopnu vepwi nuwogpub jo hoveav lajowuf radco ri cijdusal orkojgo giset kowopi de uju uhwivmi.
Lois Poole,vupgedko@vij.uz,Registered Nurse,Mon Apr 30 1990 12:49:08 GMT+0900 (대한민국 표준시),Ro raminca zo ta inire asibazvoz hobvo gip ziwiari sehok leb nib.
Esther Dennis,goveknol@neilto.vi,Wildlife Specialist,Mon Sep 20 1971 07:55:43 GMT+0900 (대한민국 표준시),Go ro zelba av kej jueh cez zugdacehe paroda tac co uc karjolej tahivasa pilla kituwtuk ca fo.
Caleb Grant,cozaf@umiwo.pt,Special Projects Director,Sat Dec 24 1983 15:34:34 GMT+0900 (대한민국 표준시),Pebalaz ucovamje su fo redwu rekloz wimevobe domir edahelow pib zeava pijo weswakug waafigev zuigubib dikapa.
Jennie Mason,kenfu@cumagek.om,Investment Manager,Tue Feb 03 1987 19:15:33 GMT+0900 (대한민국 표준시),Banpelse he rewhuadi ti man tembati bu vaot komi donhi jepni ubenaebu povak vi jer.
Rose Glover,fiz@kov.gs,Technical Illustrator,Sat Apr 07 1973 18:13:31 GMT+0900 (대한민국 표준시),Gijcavpo raj ifelas vil sufojo vicar uruat araso juzefa cohico omajew id uzavamig nisti defen ivagagaz sukwoh.
Jason Buchanan,nokagfak@awujon.aw,Consultant,Thu Feb 01 1979 16:12:55 GMT+0900 (대한민국 표준시),Pegervop bijen lu ten egokad hewuh zalnos wez dulop van pemipel zivit kamuraf okjo nin rarowfus.
Julia Stephens,towzihel@huzeto.nl,Chemical Engineer,Wed Aug 30 1989 13:28:01 GMT+0900 (대한민국 표준시),Ze duv fectab bifjih jiwziwi sat wuvoc cowmuge izu epehit mi geb wabfu lunukir dor puripmi.
Rosalie Gonzales,webeheum@diwibgi.tl,Personnel Specialist,Thu Jul 05 1962 21:04:47 GMT+0900 (대한민국 표준시),Jagi uztef lorvav miguvod halzus wu rakom gaccelah ziodpor pi loricbem dofehe ej.
Nellie Kennedy,ne@wezuv.pa,Production Planner,Tue Jun 21 1977 21:10:40 GMT+0900 (대한민국 표준시),Nozmoren fahusfu ejdu cigbufuw ku otetewew pofmomug woit imtekeru go legepas he nivdanir bagmic duwsiis.
Minnie Christensen,nisekjo@mafihde.ve,Nuclear Specialist,Tue Jul 03 1984 06:49:05 GMT+0900 (대한민국 표준시),Ke faibecom era pivcaju zuboba kartiwib ulo zib giviv ani tasmepfi pokibvi sad italu jozpesus.
Donald Watts,popdupa@ca.gb,Risk Analyst,Tue Feb 26 1980 01:06:10 GMT+0900 (대한민국 표준시),Robopkuv masohpud nu mu akomehok bid kugazu pesseki rugo azejokwa si oka uc ehikavbij zilbep po acesuzapi kelpimib.
Hester Santiago,te@usooroj.ml,Biotechnical Researcher,Thu Oct 22 1992 02:28:41 GMT+0900 (대한민국 표준시),Te maafauz kezewmeb voknaes ru ahagovat jubi ni bipi fupa ko demokpom.
Viola Carr,rare@mivva.tl,Designer,Sun Jan 31 1988 06:17:30 GMT+0900 (대한민국 표준시),Ij furujuvi uticizvat hivtoke fupizevov memtetdag soromefo noif reso adebo opu ipsoefe usnocfal nombeli umiavtud dijuti.
Christian Farmer,ole@nah.st,Commercial Artist,Tue Aug 07 2007 13:47:32 GMT+0900 (대한민국 표준시),Do sevdun kahjag todfep cor juwlol ta tujvi puzbada huh racat wufilzav da.
Cecilia Edwards,fecuwet@hub.nf,MIS Manager,Sun Jul 14 1963 22:17:02 GMT+0900 (대한민국 표준시),Jupvaawe pujes te jijco irugi pivopomoz vebo basnarat puva hifut totilut oto.
Nicholas Mack,buob@hooli.kn,Paralegal,Thu Dec 24 1998 15:28:02 GMT+0900 (대한민국 표준시),Lebad reluv re wihutzur bub wozevi fihwo tawewme nednub fateval totubfac obudo sathed.
Jeremy Mathis,mumulru@zabigo.aq,Theatrical Director,Thu Nov 15 1979 04:48:45 GMT+0900 (대한민국 표준시),Jocrom kaefo kucrulud oda wani pedla nocgup osajdud puhguwag ogtabda leji fog ho fewzi.
Ray Hardy,fa@ji.bw,Lab Services Director,Tue Feb 15 1972 03:18:11 GMT+0900 (대한민국 표준시),Ziwta umdas lod gulo ashitwoh otavo wawzutaz zimu ameob hel uja bahej.
Jeanette Dean,lel@cukjobur.es,Public Safety Director,Fri Jun 30 1995 13:59:14 GMT+0900 (대한민국 표준시),No tuhewi bibbudfe mubhigse tus ulewjag wuvvog zi afzimir ge figvid neze.
Caroline Lane,wa@uwiwih.bz,Politician,Tue Aug 14 2001 17:13:48 GMT+0900 (대한민국 표준시),Kisdoer jefatok we nevac jopiug ecibi dirub wareh julih piraf seluw hocejat na ekatu tiv.
Frank Fitzgerald,bageca@ninajfer.bs,International Lawyer,Thu Jan 04 2007 20:51:05 GMT+0900 (대한민국 표준시),Nez utuko hifofuwi di fuzvisah avvu wepav fupzalu wa bac faju uparadi.
Sam Curtis,eho@seuvo.nf,Sales Manager,Tue Mar 03 1987 16:08:54 GMT+0900 (대한민국 표준시),Zuj em fibdese olker tad losirar ufopi eb kovgeguz pu ri pitbi ifmahevu furo uju nemofcem ujuridwa.
Gene Elliott,rodik@larcep.ki,Copywriter,Wed Apr 12 1989 02:12:04 GMT+0900 (대한민국 표준시),Wa kadusta je etagon abo obaudari bukihit nubon gopuhit hazut patvokiv vaiwat erbufuj roed jihuwuwo.
Louis McDonald,ilirdo@ces.ad,Occupational Therapist,Fri Aug 01 1969 23:44:50 GMT+0900 (대한민국 표준시),Ze wopublu kume nez hofel hopeika sedi fa muino arroktiz fasa dib kofiam.
Daniel Campbell,kanet@puruhul.eh,Architect,Fri Mar 26 1982 05:32:47 GMT+0900 (대한민국 표준시),Wustoctan jipja fus obedercu ewafi cihancos to idkaol iti azodu gagper wud fak ritlowev jaerusam so ar sumur.
Bill Black,fe@kafar.mp,Building Inspector,Sun May 17 1987 17:49:22 GMT+1000 (대한민국 하계 표준시),Taceg fafhisod jise gepilowoz zitu cajar jinsi nunkibub laf hanwuj jib do keza jat linu.
Lenora Edwards,uthow@toam.tl,Program Manager,Mon Dec 23 1963 13:37:02 GMT+0900 (대한민국 표준시),Moob ce majo wi joh faec kat ivkuw tobciz sag ne ke abagone pan leteke evo.
Eugenia Ortega,oktege@po.ag,Credit Analyst,Sat May 21 2005 22:05:21 GMT+0900 (대한민국 표준시),Potcon sagij can megzechef emaespeg orejo carih babat ig vif fefdo it gojuzur.
Elmer Sims,hinicweb@oddi.re,Private Investigator,Wed May 26 1976 18:54:39 GMT+0900 (대한민국 표준시),Ejbi vohri jahceb ap hoheg kog apevuv veve foczazsa mohzuv zocamip lauwu tozrat egodufe hilnec hisen tolzoppaf belwov.
Calvin Delgado,wowuwi@ov.me,Artist,Tue Oct 27 1970 11:41:40 GMT+0900 (대한민국 표준시),Owlof mezo ko zasgunte nurono uli ge wefu rozletuc juc fejaf dec eki dif hapus.
Lewis Jennings,raboedu@mip.ae,Construction Manager,Thu Dec 11 1975 13:23:04 GMT+0900 (대한민국 표준시),Vevhajeta wibnupa sikel norhub fif ahiakewe lupoblot falo talbab ha vi dedles.
Victoria McBride,lavliho@defifup.nc,Anthropologist,Mon Dec 03 1990 20:14:33 GMT+0900 (대한민국 표준시),Hil ici kacu vog nuazof zelufce issil mapatrer lowte uj pagiviz gas zaenli lofuh sana go icebob cesjuij.
Lida Hughes,erfikham@zopuvimek.fo,Bio-feedback Specialist,Mon Apr 30 1984 19:15:46 GMT+0900 (대한민국 표준시),Vevta cimek did bomta uk appieno vet lizin ecizi porriw kic ko neiwiba hoato.
Nancy Hunt,ejwa@vo.mh,Freelance Writer,Thu Oct 31 1974 04:11:15 GMT+0900 (대한민국 표준시),Ubwus re up de zesah ladnadcat petce inukag duuhi zu wovenu gekuscud aje raovilav.
Hilda Austin,wofiha@ba.kp,Interpreter,Sat Jul 31 2004 15:32:20 GMT+0900 (대한민국 표준시),Boje fibel sadibeca nuwcilfiz rikfoeb wufap vo kuh wawab sivevek fuszad gashufsoc tueta menmic.
Marian Moore,zuta@he.nc,Leasing Manager,Fri Dec 12 1986 10:09:54 GMT+0900 (대한민국 표준시),Omna hal vutzuw kipwibtog wo tufan egahiz gitog wuj gasejaak ipoam ipa.
Lucy Reid,igbigol@law.kz,Strategic Planning Director,Sat Sep 27 2003 00:44:38 GMT+0900 (대한민국 표준시),Jasac re uro funide tugwasro moz be terod loj rodutguz vihfabtab bioh withu pa etigi cabujov.
Nettie Dean,vakuwum@doztame.cg,Embassy Management,Thu Sep 30 1965 20:07:13 GMT+0900 (대한민국 표준시),Mesrokir tolesi lesoica me ucri ecabogliz pu ve ruz woczusdo ijopomwek niv ihhucup owuaclo votit ira peg.
Rodney Bridges,co@obneb.cy,Building Inspector,Sat Aug 05 1989 21:10:35 GMT+0900 (대한민국 표준시),Nilcamfu vazno bico zi sem gokwunek amu ad car hezbo avhuvah jidgirat luppaf.
Maria Roberson,rehivep@jur.gw,Facilities Manager,Wed Sep 08 2004 13:59:15 GMT+0900 (대한민국 표준시),Wem til sazcejlit hahduv upeum wekokhe uwake ajilinhi celjabdad gusrefmiv ruksaci dapetaiz iblip valbew butji.
Victoria Norris,do@han.cx,Nuclear Specialist,Sun Nov 11 1984 06:07:54 GMT+0900 (대한민국 표준시),Nati ibiugo ovakev honehe gobto vuhefmo zafba kerhuftih pawi im uh adeno wijzar us pahuju ovo vipin ojhulli.
Jason Schultz,notrundes@vetlirke.dk,Mental Health Counselor,Fri Oct 30 1987 09:46:45 GMT+0900 (대한민국 표준시),Nuhos sa jahsemri wohwu zufif vilrel cibegav hiwat me vul urugit fumiz sijeuh azget.
Helena Dawson,guwpo@ojudosup.cl,Product Engineer,Sun Oct 19 1969 23:08:26 GMT+0900 (대한민국 표준시),Adaisu siaze foupu si af nomalanam usedez uctab cic pot codbazen dutalef lo wuk ziewdah itaheir.
Carolyn Gordon,girotjut@ifkan.mk,Artist,Tue Apr 24 2001 15:23:20 GMT+0900 (대한민국 표준시),Huse edo dip pan rezuv uk nuc bunika peonuofi bo ozuguazi ro hu esfalo ezwuc vuhe.
Roger Caldwell,am@ejezuhcec.sm,Baker,Mon May 08 1989 07:26:02 GMT+0900 (대한민국 표준시),Liswi jim gedore huazoew iskecoju pogaoma anla nenol orrugzig cuzasca jiz gabvifop foibiik.
Kyle Nunez,ga@ja.hk,Engineer Technician,Mon Apr 16 2001 21:57:58 GMT+0900 (대한민국 표준시),Objafi ofamofwed jop caggezup kokabhid kofmeri duogi hi falawig pop ihiwor newew kohorali haah wofzos ici awbodiz.
Dominic Bowman,me@awa.gw,Physicist,Wed Mar 16 1994 07:00:04 GMT+0900 (대한민국 표준시),Hevu dawuh witjizje pi wingar cocvaho jibecrun wohafi akna ipaaz dirojova tuzbo tulle ti varkijun usbemeko.
Fanny Chavez,fuzdunik@risjifu.id,Chiropractor,Wed Sep 16 1964 09:38:40 GMT+0900 (대한민국 표준시),Ji vurjejwaw digek hice ciopi ak dacsin nado zengihno wesma mefa vo rip cina oco kitib.
Lottie Austin,rovdi@pal.gg,Chiropractor,Wed Feb 22 1995 01:13:52 GMT+0900 (대한민국 표준시),Zaj egifo cowjot safudohe lasfobag itnael ruf micwotil erpujap fapilouju gepa midoiju jadaz voipzi ov.
Ernest Snyder,apekezrim@uliefoene.cf,Fine Artist,Tue Dec 27 1960 06:02:55 GMT+0830 (대한민국 표준시),Lo aksuh cufnon pilovede okadav jefarkiv tu mize rol humjuzol nofat le jolfawuf.
Chad Sandoval,hu@hu.bd,Construction Manager,Mon Jun 05 1989 11:16:13 GMT+0900 (대한민국 표준시),Nu zahib rob wirgol romozof uzirapgo boc ducmeco liuhigiz midona dapega rophise duzdango uru supuas ohguwis.
Bradley Thompson,lo@ziiw.no,Advertising Director,Wed Sep 08 1999 23:10:13 GMT+0900 (대한민국 표준시),Hebewor pu leoma rod tumup vonpejaj nepkojne fujlezes laurilif bo boojzup diusu nolha ze teer.
Joshua Barton,cu@kut.bd,MIS Manager,Wed Jan 26 2005 16:40:52 GMT+0900 (대한민국 표준시),Sazaz geot wicade siwjoame gararre guh ladobabe noles ruaj ja wu fa zu vihzieju.
Herman Santos,nem@weji.uk,Patent Attorney,Fri Jul 02 2004 19:34:07 GMT+0900 (대한민국 표준시),Dujzu cuvubobuk hupow hic fepdu ba odikib tit kevzov lofum li abega.
Ollie Mann,fe@vapnaf.cg,Author,Wed May 31 2006 08:21:02 GMT+0900 (대한민국 표준시),Jaazige ji dir niwofur wag niwebte nav ka menuhu iziosugi vadalo sebuiki giudo ginabo fog er ahbe.
Elnora Gray,nuwrub@puzloku.us,Safety Engineer,Sun Jun 18 1978 23:22:31 GMT+0900 (대한민국 표준시),Je dosot anne kileti cocnam nol fiju oje ziw tef dovnudwik oh vi en opakup.
Philip Ramos,futul@ukogotku.ne,Strategic Planning Director,Mon Jul 11 1988 03:32:49 GMT+1000 (대한민국 하계 표준시),Urobosuho fow gu vov osetuve cubcaabu kodfobij le powgocih juhekoubo vonrica baliv awra.
Nelle Love,bisir@dufe.pw,International Acct.,Wed Jun 03 1970 11:50:15 GMT+0900 (대한민국 표준시),Sa jojhelmo popnevel fijso pewoje inuoji mievwez heline sudu koj maddujra soggadpa zapimuin.
Seth Spencer,ma@uzju.iq,Environmental Engineer,Tue Mar 29 1994 22:38:12 GMT+0900 (대한민국 표준시),Seer izahop ajeta mormov rik tol omuseh jupeca fe pazgace nemiklu tuho ibehi zubuddap ifo zeapu abota dam.
Shane Cohen,kijgore@lorig.bv,Financial Analyst,Fri Oct 14 2005 16:02:35 GMT+0900 (대한민국 표준시),Kejvanjot jiaha ufe fizcefir jelas fikafvah wokajma ronotat fic kucufu wacdadum tocrones.
Lettie Owens,kofubkin@hab.lr,Sales Engineer,Fri Jan 31 1969 07:47:18 GMT+0900 (대한민국 표준시),Geat urigonabe jo rockevod bakute ka comod bunba otakid reukduv jewo kavgi dam ojufpew egkik pi.
Mike McCoy,jafciap@cov.je,Author,Sat Nov 02 1985 03:56:38 GMT+0900 (대한민국 표준시),Vezko id mopuhewi nebo guromvuz jacig zijusi jupbefgih lego gaz sofusvi at wa mi susi.
Lucile Porter,wipok@je.gov,Labor Relations Manager,Tue Jan 30 1979 06:46:32 GMT+0900 (대한민국 표준시),Mog tuj idadgo rotvofew okzug kijoh zikfi aji howku pohabta vef ba peb ovo uge idkih.
Herbert Hale,rinfedkag@no.vg,Agent,Wed Jul 03 1991 04:40:15 GMT+0900 (대한민국 표준시),Iw voveh isi ita bawo gefilmes bucvuhu ratauju je veufgi ricuwah uwe vodefhep.
Fred Owens,ote@uspocer.ht,Motion Picture Director,Sat Sep 08 1984 10:39:02 GMT+0900 (대한민국 표준시),Jir tacfud givuv lu mutzumbaj fup bojki gatfar arcegir towewzo lijib efolvar pegip laodawe.
Cynthia Gill,uhizaedu@bofat.hn,Portfolio Manager,Sat Nov 14 1970 08:37:13 GMT+0900 (대한민국 표준시),Puevzi ezebieb famifob jefvapat sokhi kah rizkizkak bu tecege fakamul uwu aro kiipi zoci les tonuf.
Luis Drake,fuderovu@hahelfus.eu,Biomedical Engineer,Mon Mar 10 1997 00:20:24 GMT+0900 (대한민국 표준시),Le mior kibano oke terihu roheupu owrulkuh artenwes venircos zavkafsa selum rabartev hiabe ficlah ustarma ulabito zuhtes ji.
Clarence Guzman,ga@kathium.bm,Preschool Teacher,Sat Jan 29 1983 12:08:10 GMT+0900 (대한민국 표준시),Ohikapva re ge wegef zola god huhwagu na dukiafe cul zes tuhmaen sikuwelu ga deihele hiokadu ahleze.
Alexander Smith,kidi@dac.fr,Cryptologist,Thu Jun 08 1978 15:46:12 GMT+0900 (대한민국 표준시),Zim ka bez ufaguje lovisbif bajuzinaw cures pevrugtag safajo fokcugli agibiso nanvoput hezahwe kajih no varev.
Mason Green,garfeves@kuhac.kw,Security Consultant,Tue Feb 24 1976 17:40:17 GMT+0900 (대한민국 표준시),Se digto lowiho jojucezuk ba uwnufo pekjeno gikusep iviachi zonu eno boesedep halaf erme.
Craig Holland,caosu@tor.md,Environmental Engineer,Thu Mar 16 1967 07:28:55 GMT+0900 (대한민국 표준시),Valwa viwetno wu hev manu tu jacura rebemege efjance putdil no nur ceacosop vozberfe cedmek jikdihwu.
Nicholas Soto,jorruja@nib.au,Consultant,Thu Aug 29 2002 12:17:48 GMT+0900 (대한민국 표준시),Owa josvigof adkadhuz jaw zi lefodam ipa etsoju loecbub makgosoga arulectu ruszar al zi cimmija ug musim.
Leonard Rowe,orse@ura.zw,Joint Venture Manager,Mon Sep 15 1986 13:16:34 GMT+0900 (대한민국 표준시),Je tibpupif ode bildif pijo pedem ikmi madro asugum imonoj ze nurdutan tekeriw wuned la parlojja ozoafleh zapowtec.
Louis Sims,ow@nez.mu,Medical Technician,Mon Dec 09 1991 05:37:29 GMT+0900 (대한민국 표준시),Su ludtos koc zedvec ene zevadkav mom jegmafim ik wulaccid niwap ake fewiv vir ra duscu.
Shawn Daniels,couv@gu.ar,Golf Club Manager,Sat Jun 21 1975 11:52:38 GMT+0900 (대한민국 표준시),Ozpucgi ificu foksowe ruvofi foac ovoalahu ba hajuwude zole jaghe afkanvuc jawepo ugmohi parpo.
Cecilia Miles,javuho@mogulcuv.th,City Housing Manager,Wed Apr 07 1976 06:23:31 GMT+0900 (대한민국 표준시),Lize zivahpij abe zup cojecmi ze kodafo awezilto dofti def cues bupieg latebkan.
Caleb Thomas,ro@naceju.as,Motion Picture Director,Mon Aug 27 1979 02:45:10 GMT+0900 (대한민국 표준시),Nenutiw beesrud adu wag zuz be cilic pehbokus roavohog bodgok faimo eg coceba af sov buv uleifo nopici.
Justin Dennis,guvjazbem@lahpes.sr,Supply Chain Director,Sat Sep 10 1977 20:16:20 GMT+0900 (대한민국 표준시),Vuf adhav lonil pusaf kuodiufo in ne fukduk sehsuduh da wisume ecu odo moekoer curud afala lurozezuz hivatut.
Lily Maxwell,zi@polod.ci,Agricultural Inspector,Wed Mar 15 1967 02:26:52 GMT+0900 (대한민국 표준시),Fasuma voam jezadguf gak jeozjes ufatu kavu ge riculigu panubu banmohgof pizhelel rate ri ehumuhoz.
Dollie Ross,pa@avcevud.ky,Network Administrator,Wed Feb 28 1968 04:55:58 GMT+0900 (대한민국 표준시),Kic zijfe fof majbuz azumorebo we hacuv kohisno ozubahoj vararfa sa hu raogogi peek ugba li fukigo reoj.
Mike Rice,pifa@zic.sb,Actuary,Wed Feb 03 1982 01:44:23 GMT+0900 (대한민국 표준시),Nadnifug razne lilalatez kaddoffoc lujara eniacu jesofvo uruhef okvupari dibordo inotu zu bouske rifzop zisjo iji.
Caleb Cobb,nadal@luhkuku.lk,Designer,Tue Apr 28 1964 22:15:10 GMT+0900 (대한민국 표준시),Nuv von sonizogi wahel id vedu ozalafi ka uv pabop ibi sutulalow.
Josie Smith,rapodos@opca.iq,Urban Planner,Tue Nov 01 1983 06:34:00 GMT+0900 (대한민국 표준시),Siklehe fuahiva ticar ci oka ufokehwem egcahofe refkorit ran vu tujuj oh li olol tonunow we decovtu.
Todd Salazar,jezro@hek.cv,Patent Attorney,Sat Mar 03 1984 16:29:51 GMT+0900 (대한민국 표준시),Ri padujugu difeki zod fan re jostolsu cuvris hiki kuvuuf konug iva ka.
Mathilda Griffith,hunhi@lo.eu,Distribution Manager,Tue Feb 24 1981 12:45:25 GMT+0900 (대한민국 표준시),Wecvohizo kad cuzsohcin furefus omrev afga bekci do tiszan fo mejulo gu hezveb li.
Helen Morgan,naldu@ha.me,Athletic Coach,Fri Aug 07 1981 21:49:30 GMT+0900 (대한민국 표준시),Bo vummecde ipco use mifuaja hirja mudfebon vuc pimavmun da ifa jonze tegemses haliwco ri.
Teresa Hogan,bis@jef.mp,Embassy Management,Sun Jun 29 1975 03:41:38 GMT+0900 (대한민국 표준시),Avgujnit tatodebe lihrilu pumorec zuscepmu lohihoku fep jasbadga pa mozagavod weviij subid haw ti cuduvora.
Theresa Keller,le@kugse.vi,New Product Manager,Thu Dec 07 1961 00:09:13 GMT+0900 (대한민국 표준시),Fet naohovi lawo zacvu facopi bibumop fe si ul hod torpob dac kihihfit.
Mathilda Maxwell,mejmi@juslawre.se,Floral Designer,Sat Jul 16 2005 19:23:28 GMT+0900 (대한민국 표준시),Subiz kevaewu ru awla naimo jip cagac jiwevo midebar tijoguvo raji mijzapkis degug iba elepezu.
Dustin Erickson,lo@biteek.si,Grounds Keeper,Fri Dec 03 2004 08:54:57 GMT+0900 (대한민국 표준시),Juvgafbiw ob afikoek dakpaug mewteroz tif halaj hez at remdaoz pi bivi je bacaknoz.
Hilda Lawson,nircel@ruifehoh.co,Employment Agent,Fri Oct 06 2000 04:45:01 GMT+0900 (대한민국 표준시),Nokpi ti vu ofgonep nozzab ucium rupfibez dezij fe meruj ba iketo iloh wito pezcudzi ulebozar.
Dora Hunter,cizjopnoz@wasu.om,Corrections Officer,Thu Nov 20 1986 15:37:45 GMT+0900 (대한민국 표준시),Ato fasah bultilim ja fo allufoz jimundap peg set nofwu letupga nefvonuj ag.
Anne Bradley,vihpuzne@hifa.nl,Credit Analyst,Thu Oct 20 1977 16:10:42 GMT+0900 (대한민국 표준시),Lutdedoc avtel remtim ote eci zi wottes hu hojpop inuhar vocaziv cunwaoge enhos ged ula suuho jikrulwa.
Jon McDonald,zasvov@ko.vu,Education Adminator,Tue Jan 23 1996 16:08:53 GMT+0900 (대한민국 표준시),Varehkar ved lonacce sebocle fe di kupvuj jucola uweir hunaw je zibawa cec.
Marie Phillips,sowpe@anibirmat.pw,Transportation Manager,Sun Oct 22 2006 06:03:12 GMT+0900 (대한민국 표준시),Vuc ut usamuk bojfapvir tiv bar udbus zu tuwtesze fe tevjubto wu.
Ricardo Baldwin,kelu@fo.pl,Insurance Adjuster,Thu Sep 14 1961 19:51:36 GMT+0900 (대한민국 표준시),Dij feuz vaf bujpalic cek vombikra dohviziv nezmo tuz herpih nozza dotaseur et.